{
  "model": "jais-13b-chat",
  "n": 836,
  "saudi_rate_pct": 28.827751196172247,
  "msa_leak_pct": 44.27230358123779,
  "low_conf_pct": 10.406698564593302,
  "tag_echo_pct": 0.9569377990430622,
  "chrF++": 15.947323254209847,
  "BERTScore_F1": 0.6581171154975891,
  "distinct2": 0.6933019154048947,
  "distinct3": 0.8086563614744352,
  "selfBLEU": 0.3511527561877185,
  "near_duplicate_pct": 0.0005730166461335701
}